{
  "placeholderImages": [
    {
      "id": "user-avatar-1",
      "description": "User avatar 1",
      "imageUrl": "https://images.unsplash.com/photo-1499952127939-9bbf5af6c51c?crop=entropy&cs=tinysrgb&fit=max&fm=jpg&ixid=M3w3NDE5ODJ8MHwxfHNlYXJjaHwxMHx8cGVyc29ufGVufDB8fHx8MTc2MTM5MTM4NHww&ixlib=rb-4.1.0&q=80&w=1080",
      "imageHint": "person"
    },
    {
      "id": "user-avatar-2",
      "description": "User avatar 2",
      "imageUrl": "https://images.unsplash.com/photo-1568602471122-7832951cc4c5?crop=entropy&cs=tinysrgb&fit=max&fm=jpg&ixid=M3w3NDE5ODJ8MHwxfHNlYXJjaHw5fHxwZXJzb258ZW58MHx8fHwxNzYxMzkxMzg0fDA&ixlib=rb-4.1.0&q=80&w=1080",
      "imageHint": "person"
    },
    {
      "id": "user-avatar-3",
      "description": "User avatar 3",
      "imageUrl": "https://images.unsplash.com/photo-1438761681033-6461ffad8d80?crop=entropy&cs=tinysrgb&fit=max&fm=jpg&ixid=M3w3NDE5ODJ8MHwxfHNlYXJjaHwxfHxwZXJzb258ZW58MHx8fHwxNzYxMzkxMzg0fDA&ixlib=rb-4.1.0&q=80&w=1080",
      "imageHint": "person"
    },
    {
      "id": "user-avatar-4",
      "description": "User avatar 4",
      "imageUrl": "https://images.unsplash.com/photo-1500648767791-00dcc994a43e?crop=entropy&cs=tinysrgb&fit=max&fm=jpg&ixid=M3w3NDE5ODJ8MHwxfHNlYXJjaHw1fHxwZXJzb258ZW58MHx8fHwxNzYxMzkxMzg0fDA&ixlib=rb-4.1.0&q=80&w=1080",
      "imageHint": "person"
    },
    {
      "id": "user-avatar-5",
      "description": "User avatar 5",
      "imageUrl": "https://images.unsplash.com/photo-1544005313-94ddf0286df2?crop=entropy&cs=tinysrgb&fit=max&fm=jpg&ixid=M3w3NDE5ODJ8MHwxfHNlYXJjaHwzfHxwZXJzb258ZW58MHx8fHwxNzYxMzkxMzg0fDA&ixlib=rb-4.1.0&q=80&w=1080",
      "imageHint": "person"
    },
    {
      "id": "user-avatar-6",
      "description": "User avatar 6",
      "imageUrl": "https://images.unsplash.com/photo-1568602471122-7832951cc4c5?crop=entropy&cs=tinysrgb&fit=max&fm=jpg&ixid=M3w3NDE5ODJ8MHwxfHNlYXJjaHw5fHxwZXJzb258ZW58MHx8fHwxNzYxMzkxMzg0fDA&ixlib=rb-4.1.0&q=80&w=1080",
      "imageHint": "person"
    },
    {
      "id": "user-avatar-7",
      "description": "User avatar 7",
      "imageUrl": "https://images.unsplash.com/photo-1568602471122-7832951cc4c5?crop=entropy&cs=tinysrgb&fit=max&fm=jpg&ixid=M3w3NDE5ODJ8MHwxfHNlYXJjaHw5fHxwZXJzb258ZW58MHx8fHwxNzYxMzkxMzg0fDA&ixlib=rb-4.1.0&q=80&w=1080",
      "imageHint": "person"
    },
    {
      "id": "user-avatar-8",
      "description": "User avatar 8",
      "imageUrl": "https://images.unsplash.com/flagged/photo-1570612861542-284f4c12e75f?crop=entropy&cs=tinysrgb&fit=max&fm=jpg&ixid=M3w3NDE5ODJ8MHwxfHNlYXJjaHw2fHxwZXJzb258ZW58MHx8fHwxNzYxMzkxMzg0fDA&ixlib_raw-4.1.0&q=80&w=1080",
      "imageHint": "person"
    },
    {
      "id": "user-avatar-9",
      "description": "User avatar 9",
      "imageUrl": "https://images.unsplash.com/photo-1580489944761-15a19d654956?crop=entropy&cs=tinysrgb&fit=max&fm=jpg&ixid=M3w3NDE5ODJ8MHwxfHNlYXJjaHw0fHxwZXJzb258ZW58MHx8fHwxNzYxMzkxMzg0fDA&ixlib-rb-4.1.0&q=80&w=1080",
      "imageHint": "person"
    },
    {
      "id": "user-avatar-10",
      "description": "User avatar 10",
      "imageUrl": "https://images.unsplash.com/photo-1499952127939-9bbf5af6c51c?crop=entropy&cs=tinysrgb&fit=max&fm=jpg&ixid=M3w3NDE5ODJ8MHwxfHNlYXJjaHwxMHx8cGVyc29ufGVufDB8fHx8MTc2MTM5MTM4NHww&ixlib=rb-4.1.0&q=80&w=1080",
      "imageHint": "person"
    },
    {
      "id": "current-user-avatar",
      "description": "Current user avatar",
      "imageUrl": "https://images.unsplash.com/photo-1580489944761-15a19d654956?crop=entropy&cs=tinysrgb&fit=max&fm=jpg&ixid=M3w3NDE5ODJ8MHwxfHNlYXJjaHw0fHxwZXJzb258ZW58MHx8fHwxNzYxMzkxMzg0fDA&ixlib-rb-4.1.0&q=80&w=1080",
      "imageHint": "person"
    }
  ]
}